<ImportExportXml xmlns:xsi="http://www.w3.org/2001/XMLSchema-instance">
  <Entities></Entities>
  <Roles></Roles>
  <Workflows></Workflows>
  <FieldSecurityProfiles></FieldSecurityProfiles>
  <Templates />
  <EntityMaps />
  <EntityRelationships />
  <OrganizationSettings />
  <optionsets />
  <CustomControls />
  <EntityDataProviders />
  <CanvasApps>
    <CanvasApp>
      <Name>cr56d_orrdslrcomplib_96b1e</Name>
      <AppVersion>2023-09-01T11:36:43Z</AppVersion>
      <Status>Ready</Status>
      <CreatedByClientVersion>3.23082.20.0</CreatedByClientVersion>
      <MinClientVersion>3.23082.20.0</MinClientVersion>
      <Tags>{"primaryDeviceWidth":"1366","primaryDeviceHeight":"642","supportsPortrait":"true","supportsLandscape":"true","primaryFormFactor":"Phone","showStatusBar":"false","publisherVersion":"3.23082.20","minimumRequiredApiVersion":"2.2.0","hasComponent":"true","hasUnlockedComponent":"true","isUnifiedRootApp":"false","sienaVersion":"20230831T141846Z-3.23082.20.0"}</Tags>
      <IsCdsUpgraded>0</IsCdsUpgraded>
      <GalleryItemId xsi:nil="true"></GalleryItemId>
      <BackgroundColor>RGBA(251,101,60,1)</BackgroundColor>
      <DisplayName>ORR-DSLR-CompLib</DisplayName>
      <Description>ORR-DSLR Component Library, v1.0j</Description>
      <CommitMessage xsi:nil="true"></CommitMessage>
      <Publisher xsi:nil="true"></Publisher>
      <AuthorizationReferences>[]</AuthorizationReferences>
      <ConnectionReferences>{"ed9e50bf-c54d-42f1-b848-db3f072d2515":{"id":"/providers/microsoft.powerapps/apis/shared_sharepointonline","displayName":"SharePoint","iconUri":"https://connectoricons-prod.azureedge.net/u/shgogna/globalperconnector-train1/1.0.1639.3312/sharepointonline/icon.png","dataSources":["Theme Colors","ODCal"],"dependencies":[],"dependents":[],"parameterHints":{},"parameterHintsV2":{},"isOnPremiseConnection":false,"bypassConsent":false,"dataSets":{"https://cdc.sharepoint.com/sites/ORR-DSLR/Data":{"dataSources":{"Theme Colors":{"tableName":"6b0ddd3f-da90-4eaf-b041-bce4e56fb09b"}}},"https://cdc.sharepoint.com/teams/ORR-DSLR-OD":{"dataSources":{"ODCal":{"tableName":"137181c4-dacf-42a2-8ab5-2d087efc5998"}}}},"apiTier":"Standard","actions":["providers/PowerPlatform.Governance/Operations/Read","providers/PowerPlatform.Governance/Operations/Write"]}}</ConnectionReferences>
      <DatabaseReferences>{}</DatabaseReferences>
      <AppComponents>[{"appComponentName":"387d6ccb27ef490ca19b49b1371059a5","displayName":"HeaderComp","description":"Header Component","appName":"d462db7c-2d0a-4a5c-8424-1af3e5089487","appVersion":"2023-09-01T11:36:43Z","appComponentLibraryLogicalName":"cr56d_orrdslrcomplib_96b1e","appDisplayName":"ORR-DSLR-CompLib","environmentName":"4bb97c09-5de0-4112-afd2-b6b48231f082","owner":{"id":"8d0f73a1-0ea1-4ca8-87f4-b85eae930413","displayName":"Lovett, John (CDC/DDPHSIS/CPR/OD) (CTR)","email":"nps9@cdc.gov","type":"User","tenantId":"9ce70869-60db-44fd-abe8-d2767077fc8f","userPrincipalName":"nps9@cdc.gov"},"allowCustomization":true,"createdOn":"2023-08-14T14:52:50.001Z","lastModifiedOn":"2023-09-01T11:34:30.996Z","connectionReferences":{"ed9e50bf-c54d-42f1-b848-db3f072d2515":{"id":"/providers/microsoft.powerapps/apis/shared_sharepointonline","dataSources":["Theme Colors","ODCal"],"dependencies":[],"dependents":[],"parameterHints":{},"parameterHintsV2":{},"isOnPremiseConnection":false,"dataSets":{"https://cdc.sharepoint.com/sites/ORR-DSLR/Data":{"dataSources":{"Theme Colors":{"tableName":"6b0ddd3f-da90-4eaf-b041-bce4e56fb09b"}}},"https://cdc.sharepoint.com/teams/ORR-DSLR-OD":{"dataSources":{"ODCal":{"tableName":"137181c4-dacf-42a2-8ab5-2d087efc5998"}}}},"actions":["providers/PowerPlatform.Governance/Operations/Read","providers/PowerPlatform.Governance/Operations/Write"]}},"databaseReferences":{}},{"appComponentName":"da4002e5142d4014a2d493e2d1d9b99e","displayName":"FooterComp","description":"Footer Component","appName":"d462db7c-2d0a-4a5c-8424-1af3e5089487","appVersion":"2023-09-01T11:36:43Z","appComponentLibraryLogicalName":"cr56d_orrdslrcomplib_96b1e","appDisplayName":"ORR-DSLR-CompLib","environmentName":"4bb97c09-5de0-4112-afd2-b6b48231f082","owner":{"id":"8d0f73a1-0ea1-4ca8-87f4-b85eae930413","displayName":"Lovett, John (CDC/DDPHSIS/CPR/OD) (CTR)","email":"nps9@cdc.gov","type":"User","tenantId":"9ce70869-60db-44fd-abe8-d2767077fc8f","userPrincipalName":"nps9@cdc.gov"},"allowCustomization":true,"createdOn":"2023-08-14T14:52:50.001Z","lastModifiedOn":"2023-09-01T11:34:30.996Z","connectionReferences":{"ed9e50bf-c54d-42f1-b848-db3f072d2515":{"id":"/providers/microsoft.powerapps/apis/shared_sharepointonline","dataSources":["Theme Colors","ODCal"],"dependencies":[],"dependents":[],"parameterHints":{},"parameterHintsV2":{},"isOnPremiseConnection":false,"dataSets":{"https://cdc.sharepoint.com/sites/ORR-DSLR/Data":{"dataSources":{"Theme Colors":{"tableName":"6b0ddd3f-da90-4eaf-b041-bce4e56fb09b"}}},"https://cdc.sharepoint.com/teams/ORR-DSLR-OD":{"dataSources":{"ODCal":{"tableName":"137181c4-dacf-42a2-8ab5-2d087efc5998"}}}},"actions":["providers/PowerPlatform.Governance/Operations/Read","providers/PowerPlatform.Governance/Operations/Write"]}},"databaseReferences":{}},{"appComponentName":"e611a3f0c31448a9acdd458445f80058","displayName":"NavComp","description":"Navigation Componenet","appName":"d462db7c-2d0a-4a5c-8424-1af3e5089487","appVersion":"2023-09-01T11:36:43Z","appComponentLibraryLogicalName":"cr56d_orrdslrcomplib_96b1e","appDisplayName":"ORR-DSLR-CompLib","environmentName":"4bb97c09-5de0-4112-afd2-b6b48231f082","owner":{"id":"8d0f73a1-0ea1-4ca8-87f4-b85eae930413","displayName":"Lovett, John (CDC/DDPHSIS/CPR/OD) (CTR)","email":"nps9@cdc.gov","type":"User","tenantId":"9ce70869-60db-44fd-abe8-d2767077fc8f","userPrincipalName":"nps9@cdc.gov"},"allowCustomization":true,"createdOn":"2023-08-14T14:52:50.001Z","lastModifiedOn":"2023-09-01T11:34:30.996Z","connectionReferences":{"ed9e50bf-c54d-42f1-b848-db3f072d2515":{"id":"/providers/microsoft.powerapps/apis/shared_sharepointonline","dataSources":["Theme Colors","ODCal"],"dependencies":[],"dependents":[],"parameterHints":{},"parameterHintsV2":{},"isOnPremiseConnection":false,"dataSets":{"https://cdc.sharepoint.com/sites/ORR-DSLR/Data":{"dataSources":{"Theme Colors":{"tableName":"6b0ddd3f-da90-4eaf-b041-bce4e56fb09b"}}},"https://cdc.sharepoint.com/teams/ORR-DSLR-OD":{"dataSources":{"ODCal":{"tableName":"137181c4-dacf-42a2-8ab5-2d087efc5998"}}}},"actions":["providers/PowerPlatform.Governance/Operations/Read","providers/PowerPlatform.Governance/Operations/Write"]}},"databaseReferences":{}},{"appComponentName":"8be88648b9a84ed8a2e138dd43e68f96","displayName":"ModalComp","description":"Modal Component","appName":"d462db7c-2d0a-4a5c-8424-1af3e5089487","appVersion":"2023-09-01T11:36:43Z","appComponentLibraryLogicalName":"cr56d_orrdslrcomplib_96b1e","appDisplayName":"ORR-DSLR-CompLib","environmentName":"4bb97c09-5de0-4112-afd2-b6b48231f082","owner":{"id":"8d0f73a1-0ea1-4ca8-87f4-b85eae930413","displayName":"Lovett, John (CDC/DDPHSIS/CPR/OD) (CTR)","email":"nps9@cdc.gov","type":"User","tenantId":"9ce70869-60db-44fd-abe8-d2767077fc8f","userPrincipalName":"nps9@cdc.gov"},"allowCustomization":true,"createdOn":"2023-08-14T14:52:50.001Z","lastModifiedOn":"2023-09-01T11:34:30.996Z","connectionReferences":{"ed9e50bf-c54d-42f1-b848-db3f072d2515":{"id":"/providers/microsoft.powerapps/apis/shared_sharepointonline","dataSources":["Theme Colors","ODCal"],"dependencies":[],"dependents":[],"parameterHints":{},"parameterHintsV2":{},"isOnPremiseConnection":false,"dataSets":{"https://cdc.sharepoint.com/sites/ORR-DSLR/Data":{"dataSources":{"Theme Colors":{"tableName":"6b0ddd3f-da90-4eaf-b041-bce4e56fb09b"}}},"https://cdc.sharepoint.com/teams/ORR-DSLR-OD":{"dataSources":{"ODCal":{"tableName":"137181c4-dacf-42a2-8ab5-2d087efc5998"}}}},"actions":["providers/PowerPlatform.Governance/Operations/Read","providers/PowerPlatform.Governance/Operations/Write"]}},"databaseReferences":{}},{"appComponentName":"6e3d2b7c8124409b8b98ab858684b32a","displayName":"InputModalComp","description":"Input Modal Component","appName":"d462db7c-2d0a-4a5c-8424-1af3e5089487","appVersion":"2023-09-01T11:36:43Z","appComponentLibraryLogicalName":"cr56d_orrdslrcomplib_96b1e","appDisplayName":"ORR-DSLR-CompLib","environmentName":"4bb97c09-5de0-4112-afd2-b6b48231f082","owner":{"id":"8d0f73a1-0ea1-4ca8-87f4-b85eae930413","displayName":"Lovett, John (CDC/DDPHSIS/CPR/OD) (CTR)","email":"nps9@cdc.gov","type":"User","tenantId":"9ce70869-60db-44fd-abe8-d2767077fc8f","userPrincipalName":"nps9@cdc.gov"},"allowCustomization":true,"createdOn":"2023-08-14T14:52:50.001Z","lastModifiedOn":"2023-09-01T11:34:30.996Z","connectionReferences":{"ed9e50bf-c54d-42f1-b848-db3f072d2515":{"id":"/providers/microsoft.powerapps/apis/shared_sharepointonline","dataSources":["Theme Colors","ODCal"],"dependencies":[],"dependents":[],"parameterHints":{},"parameterHintsV2":{},"isOnPremiseConnection":false,"dataSets":{"https://cdc.sharepoint.com/sites/ORR-DSLR/Data":{"dataSources":{"Theme Colors":{"tableName":"6b0ddd3f-da90-4eaf-b041-bce4e56fb09b"}}},"https://cdc.sharepoint.com/teams/ORR-DSLR-OD":{"dataSources":{"ODCal":{"tableName":"137181c4-dacf-42a2-8ab5-2d087efc5998"}}}},"actions":["providers/PowerPlatform.Governance/Operations/Read","providers/PowerPlatform.Governance/Operations/Write"]}},"databaseReferences":{}},{"appComponentName":"be9fc5ad7f9e4b6b820ca3de8059002d","displayName":"FlyoutComp","description":"Flyout Component","appName":"d462db7c-2d0a-4a5c-8424-1af3e5089487","appVersion":"2023-09-01T11:36:43Z","appComponentLibraryLogicalName":"cr56d_orrdslrcomplib_96b1e","appDisplayName":"ORR-DSLR-CompLib","environmentName":"4bb97c09-5de0-4112-afd2-b6b48231f082","owner":{"id":"8d0f73a1-0ea1-4ca8-87f4-b85eae930413","displayName":"Lovett, John (CDC/DDPHSIS/CPR/OD) (CTR)","email":"nps9@cdc.gov","type":"User","tenantId":"9ce70869-60db-44fd-abe8-d2767077fc8f","userPrincipalName":"nps9@cdc.gov"},"allowCustomization":true,"createdOn":"2023-08-14T14:52:50.001Z","lastModifiedOn":"2023-09-01T11:34:30.996Z","connectionReferences":{"ed9e50bf-c54d-42f1-b848-db3f072d2515":{"id":"/providers/microsoft.powerapps/apis/shared_sharepointonline","dataSources":["Theme Colors","ODCal"],"dependencies":[],"dependents":[],"parameterHints":{},"parameterHintsV2":{},"isOnPremiseConnection":false,"dataSets":{"https://cdc.sharepoint.com/sites/ORR-DSLR/Data":{"dataSources":{"Theme Colors":{"tableName":"6b0ddd3f-da90-4eaf-b041-bce4e56fb09b"}}},"https://cdc.sharepoint.com/teams/ORR-DSLR-OD":{"dataSources":{"ODCal":{"tableName":"137181c4-dacf-42a2-8ab5-2d087efc5998"}}}},"actions":["providers/PowerPlatform.Governance/Operations/Read","providers/PowerPlatform.Governance/Operations/Write"]}},"databaseReferences":{}},{"appComponentName":"b146a898b5834243ba8494eb8f94f1e8","displayName":"CalComp","appName":"d462db7c-2d0a-4a5c-8424-1af3e5089487","appVersion":"2023-09-01T11:36:43Z","appComponentLibraryLogicalName":"cr56d_orrdslrcomplib_96b1e","appDisplayName":"ORR-DSLR-CompLib","environmentName":"4bb97c09-5de0-4112-afd2-b6b48231f082","owner":{"id":"8d0f73a1-0ea1-4ca8-87f4-b85eae930413","displayName":"Lovett, John (CDC/DDPHSIS/CPR/OD) (CTR)","email":"nps9@cdc.gov","type":"User","tenantId":"9ce70869-60db-44fd-abe8-d2767077fc8f","userPrincipalName":"nps9@cdc.gov"},"allowCustomization":true,"createdOn":"2023-08-14T14:52:50.001Z","lastModifiedOn":"2023-09-01T11:34:30.996Z","connectionReferences":{"ed9e50bf-c54d-42f1-b848-db3f072d2515":{"id":"/providers/microsoft.powerapps/apis/shared_sharepointonline","dataSources":["Theme Colors","ODCal"],"dependencies":[],"dependents":[],"parameterHints":{},"parameterHintsV2":{},"isOnPremiseConnection":false,"dataSets":{"https://cdc.sharepoint.com/sites/ORR-DSLR/Data":{"dataSources":{"Theme Colors":{"tableName":"6b0ddd3f-da90-4eaf-b041-bce4e56fb09b"}}},"https://cdc.sharepoint.com/teams/ORR-DSLR-OD":{"dataSources":{"ODCal":{"tableName":"137181c4-dacf-42a2-8ab5-2d087efc5998"}}}},"actions":["providers/PowerPlatform.Governance/Operations/Read","providers/PowerPlatform.Governance/Operations/Write"]}},"databaseReferences":{}}]</AppComponents>
      <AppComponentDependencies>[]</AppComponentDependencies>
      <CanConsumeAppPass>1</CanConsumeAppPass>
      <CanvasAppType>1</CanvasAppType>
      <BypassConsent>0</BypassConsent>
      <AdminControlBypassConsent>0</AdminControlBypassConsent>
      <EmbeddedApp xsi:nil="true"></EmbeddedApp>
      <IntroducedVersion>1.0</IntroducedVersion>
      <CdsDependencies>{"cdsdependencies":[]}</CdsDependencies>
      <IsCustomizable>1</IsCustomizable>
      <BackgroundImageUri>/CanvasApps/cr56d_orrdslrcomplib_96b1e_BackgroundImageUri</BackgroundImageUri>
      <DocumentUri>/CanvasApps/cr56d_orrdslrcomplib_96b1e_DocumentUri.msapp</DocumentUri>
    </CanvasApp>
  </CanvasApps>
  <Languages>
    <Language>1033</Language>
  </Languages>
</ImportExportXml>