{"schemaVersion":"1.0","appDefinitionTemplate":{"id":"/providers/Microsoft.PowerApps/apps/","type":"Microsoft.PowerApps/apps","tags":{"primaryDeviceWidth":"1366","primaryDeviceHeight":"768","supportsPortrait":"true","supportsLandscape":"true","primaryFormFactor":"Tablet","publisherVersion":"3.22114.18","minimumRequiredApiVersion":"2.2.0","hasComponent":"true","hasUnlockedComponent":"false","isUnifiedRootApp":"false","sienaVersion":"20221214T174902Z-3.22114.18.0"},"properties":{"appVersion":"2022-12-14T17:49:02Z","lifeCycleId":"Published","createdByClientVersion":{"major":3,"minor":22114,"build":18,"revision":0,"majorRevision":0,"minorRevision":0},"minClientVersion":{"major":3,"minor":22114,"build":18,"revision":0,"majorRevision":0,"minorRevision":0},"backgroundColor":"RGBA(0,176,240,1)","backgroundImageUri":"/17179044630169019285/N0c7fa7e8-8d1d-4c93-a29e-1cacb09978e6-logoSmallFile","displayName":"CanvasTabletApp","description":"","commitMessage":"","appUris":{"documentUri":{"value":"/17179044630169019285/Ne1d5213c-6e0c-463d-a1c9-d25cefa61510-document.msapp"},"imageUris":[],"additionalUris":[]},"createdTime":"0001-01-01T00:00:00Z","lastModifiedTime":"0001-01-01T00:00:00Z","sharedGroupsCount":0,"sharedUsersCount":0,"icons":{"smallIconUri":"/17179044630169019285/N83c9cb29-de3c-4881-bfc6-56f11f0c1fae-small.png","mediumIconUri":"/17179044630169019285/N7f94006f-913c-4187-8286-02b27410e258-medium.png","largeIconUri":"/17179044630169019285/N528f6c97-8094-479c-a1ad-08b8843f74b8-large.png","wideIconUri":"/17179044630169019285/N080375c8-e4aa-4344-a300-29a342decd5c-wide.png"},"connectionReferences":{"68e160ea-816a-4537-b12d-94511cf074ab":{"id":"307aac88-a9db-41b7-98d1-f07c5b4943a0","displayName":"Office 365 Users","iconUri":"https://connectoricons-prod.azureedge.net/releases/v1.0.1611/1.0.1611.3104/office365users/icon.png","dataSources":["Office365Users"],"dependencies":[],"dependents":[],"parameterHints":{},"parameterHintsV2":{},"isOnPremiseConnection":false,"bypassConsent":false,"dataSets":{},"apiTier":"Standard","isCustomApiConnection":false,"actions":["UserProfile_V2"]}},"databaseReferences":{},"almMode":"Environment","performanceOptimizationEnabled":true,"canConsumeAppPass":true,"enableModernRuntimeMode":false,"executionRestrictions":{"isTeamsOnly":false,"dataLossPreventionEvaluationResult":{"status":"Compliant","lastEvaluationDate":"2022-12-14T14:54:19.4746342Z","violations":[],"violationsByPolicy":[],"violationErrorMessage":"The app uses the following connectors: ."}}},"appType":"ClassicCanvasApp","appComponents":[]}}