{"schemaVersion":"1.0","appDefinitionTemplate":{"id":"/providers/Microsoft.PowerApps/apps/","type":"Microsoft.PowerApps/apps","tags":{"primaryDeviceWidth":"1366","primaryDeviceHeight":"768","supportsPortrait":"true","supportsLandscape":"true","primaryFormFactor":"Tablet","publisherVersion":"3.22114.18","minimumRequiredApiVersion":"2.2.0","hasComponent":"false","hasUnlockedComponent":"false","isUnifiedRootApp":"false","sienaVersion":"20221214T145417Z-3.22114.18.0"},"properties":{"appVersion":"2022-12-14T14:54:17Z","lifeCycleId":"Published","createdByClientVersion":{"major":3,"minor":22114,"build":18,"revision":0,"majorRevision":0,"minorRevision":0},"minClientVersion":{"major":3,"minor":22114,"build":18,"revision":0,"majorRevision":0,"minorRevision":0},"backgroundColor":"RGBA(0,176,240,1)","backgroundImageUri":"/7842548093141839300/Nfb603c3a-be8f-4e65-b483-0348a860af9e-logoSmallFile","displayName":"CanvasTabletApp","description":"","commitMessage":"","appUris":{"documentUri":{"value":"/7842548093141839300/Naefd8013-1430-493b-bf57-eddc1fe62a19-document.msapp"},"imageUris":[],"additionalUris":[]},"createdTime":"0001-01-01T00:00:00Z","lastModifiedTime":"0001-01-01T00:00:00Z","sharedGroupsCount":0,"sharedUsersCount":0,"icons":{"smallIconUri":"/7842548093141839300/N4cc548f3-c30b-46f1-88c6-1ea0fcc24265-small.png","mediumIconUri":"/7842548093141839300/N0ca55e81-d7b0-420e-a563-bc2aba280277-medium.png","largeIconUri":"/7842548093141839300/N221b369a-47a8-46d8-a172-cee68667f8ce-large.png","wideIconUri":"/7842548093141839300/Na545d36e-44cd-4180-bb13-7c54fa751c19-wide.png"},"connectionReferences":{},"databaseReferences":{},"almMode":"Environment","performanceOptimizationEnabled":true,"canConsumeAppPass":true,"enableModernRuntimeMode":false,"executionRestrictions":{"isTeamsOnly":false,"dataLossPreventionEvaluationResult":{"status":"Compliant","lastEvaluationDate":"2022-12-14T14:54:19.4746342Z","violations":[],"violationsByPolicy":[],"violationErrorMessage":"The app uses the following connectors: ."}}},"appType":"ClassicCanvasApp","appComponents":[]}}